group_souffle	speaker	negation_control	negation
vous savez euh	 	F	
enfin	 	F	
tout le monde euh tout le monde	 	F	
NPERS par exemple quand vous écoutez ses causeries enfin	 	F	
hein	 	F	
maître NPERS ben quand même on a beau dire c' est quand même	 	F	
des gens qui savent s' exprimer	 	F	
oui	 	F	
oui	 	F	
ah je crois que tout le monde sait s' exprimer hein	 	F	
oui mais enfin je veux dire par là euh	 	F	
euh	 	F	
on ressent	 	F	
ce qu' ils disent mais on n' est pas capable de l' exprimer soi -même souvent quoi	 	V	
oui	 	F	
oui	 	F	
moi je crois que	 	F	
oui	 	F	
chacun chacun se	 	F	
débrouille quand même	 	F	
ah oui oui	 	F	
dans la vie	 	F	
oui	 	F	
non mais enfin euh vous savez	 	F	
i- justement ce qui est intéressant c' est la variété	 	F	
voilà	 	F	
oui bien sûr	 	F	
n' est -ce pas ?	 	F	
oui oui	 	F	
de	 	F	
faut pas croire que quand même	 	V	
c' est ça	 	F	
parce que le français officiel euh de la radio des discours de des grands occasions	 	F	
oui ça vous vous	 	F	
n' est -ce pas on a	 	F	
à même de le quand vous voudrez	 	F	
c' est ça évidemment	 	F	
alors que les gens qui parlent spontanément	 	F	
oui c' est	 	F	
ça	 	F	
comme ils	 	F	
parlent tout le m- tout tous les jours avec leurs	 	F	
voilà	 	F	
amis	 	F	
et caetera ça c' est ça c' est beaucoup	 	F	
c' est ça	 	F	
plus difficile à	 	F	
oui c' est possible	 	F	
oui	 	F	
bon alors je je vais d- vous poser des questions d' abord	 	F	
sur un	 	F	
oui	 	F	
un questionnaire	 	F	
qui	 	F	
je vous demanderai de	 	F	
enfin de dire ce que vous pensez	 	F	
plus ou moins librement	 	F	
après je	 	F	
oui	 	F	
vous poserai des questions peut-être un peu plus précises et	 	F	
plus	 	F	
hum	 	F	
concises	 	F	
oui	 	F	
euh et ensuite je vous demanderai quelques détails n' est -ce pas pour la la	 	V	
documentation des fiches	 	F	
oui bien sûr oui	 	F	
eh bien	 	F	
euh hum	 	F	
alors monsieur NPERS depuis quand habitez -vous à Orléans ?	 	F	
eh bien euh depuis l' âge de trois ans depuis ma plus petite enfance	 	F	
oui	 	F	
et alors c' est pas la peine peut-être de vous demander ce qui vous a amené à vivre à Orléans ?	 	V	
non	 	F	
ah non puisque c' est mes parents que	 	F	
enfin c' est ma mère mon père a été tué à la guerre de quatorze	 	F	
oui	 	F	
ma mère se trouvant seule elle est venue à la grande ville vous comprenez pour pouvoir euh y travailler	 	F	
alors que étant je suis natif de Houque-la-Joyeuse	 	F	
je sais pas si vous connaissez	 	V	
non	 	F	
euh c' est entre Marchenoire et Beaugency	 	F	
oui	 	F	
et alors là y avait pas d' éléments pour pouvoir travailler	 	V	
elle est donc venue	 	F	
puisque j' étais fils unique	 	F	
elle est donc venue à Orléans pour pouvoir trouver du travail et c' est ce que	 	F	
parce que mon père est mort en	 	F	
février quinze	 	F	
et elle est venue je crois au mois d' août quinze vous voyez par conséquent je suis de douze j' avais trois ans	 	F	
oui	 	F	
alors pour moi euh	 	F	
Orléans c' est ma ville natale	 	F	
oui oui oui oui	 	F	
faut dire que j' ai pas connu d' autres euh	 	V	
d' autres lieux si vous voulez qu' Orléans pour moi j' ai j' y suis né pour moi	 	F	
oui	 	F	
oui	 	F	
à trois ans	 	F	
oui	 	F	
oui	 	F	
et vous vous plaisez à Orléans ?	 	F	
ah j' aime ma ville oui bien sûr	 	F	
oui	 	F	
oui	 	F	
je l' aime particulièrement même je l' aime et	 	F	
oui pourquoi ?	 	F	
eh parce que j' ai eu l' occasion de bourlinguer un petit peu du fait euh	 	F	
que étant commis boucher vous savez	 	F	
euh à l' époque on faisait un petit peu le	 	F	
le tour de France avant la guerre je vous parle de ça	 	F	
oui	 	F	
bah alors j' ai donc euh été dans différentes villes de France	 	F	
oui	 	F	
et bah je me suis toujours ennuyé de mon clocher ça c' est peut-être euh	 	F	
euh spécial peut-être	 	F	
mais enfin j' avais toujours plaisir à retrouver ma ville	 	F	
oui	 	F	
oui oui	 	F	
en plus de ça je	 	F	
ma mère habitait longtemps	 	F	
les rives de Loire	 	F	
j' ai beaucoup d' - j' aime énormément la Loire	 	F	
je suis attiré	 	F	
oui	 	F	
par la Loire	 	F	
comprenez ?	 	F	
oui oui	 	F	
euh j' ai lu des des des livres de de de Maurice Genevoix	 	F	
oui	 	F	
bah	 	F	
pour moi Maurice Genevoix	 	F	
euh j' ai l' impression qu' il a vécu lui aussi au bord de Loire pour pour décrire tout ce qu' il a pu décrire hein	 	F	
oui	 	F	
oui	 	F	
j' aime la Loire	 	F	
autant qu' il peut l' aimer si vous voulez	 	F	
ça m' attire	 	F	
oui oui	 	F	
oui oui	 	F	
si j' ai une promenade à faire à pied	 	F	
ça sera au bord de Loire	 	F	
oui oui oui	 	F	
oui	 	F	
comprenez ?	 	F	
encore oui maintenant oui	 	F	
encore maintenant oui	 	F	
est -ce que vous pouvez me dire euh en quoi ça consistait le tour de France ?	 	F	
eh bien	 	F	
euh	 	F	
à l' époque	 	F	
vous comprenez on cherchait à s' améliorer	 	F	
oui	 	F	
euh	 	F	
ici euh alors je parle de mon métier -là que évidemment c' est c' est mon rôle n' est -ce pas	 	F	
euh	 	F	
nous sommes considérés ici comme déjà	 	F	
au point de vu travail de la boucherie	 	F	
comme l' un des meilleurs euh ouvriers de France si vous voulez	 	F	
oui	 	F	
pour travailler la viande n' est -ce pas	 	F	
mais néanmoins euh de monter	 	F	
travailler à Paris	 	F	
n' est -ce pas ou aller dans certaines autres provinces	 	V	
ça permettait d' acquérir des connaissances	 	F	
euh même des façons de travailler qu' on n' avait pas dans notre région	 	V	
oui oui	 	F	
alors c' est ce que j' ai fait	 	F	
pour me rendre compte	 	F	
et puis j' ai travaillé assez longtemps à Paris	 	F	
pour finir de me perfectionner alors là pour acquérir si vous voulez la la science euh	 	F	
de la décoration de la présentation des viandes	 	F	
oui	 	F	
comprenez -vous ?	 	F	
oui	 	F	
et	 	F	
j' étais trois ans à peu près absent de chez moi	 	F	
puis je suis revenu travailler à Orléans euh	 	F	
parce que Orléans m' attirait et il fallait que je revienne à Orléans	 	F	
oui	 	F	
je m' ennuyais de mon clocher quoi	 	F	
et vous comptez rester à Orléans ?	 	F	
oh je	 	F	
oui	 	F	
oui ça c' est certain	 	F	
oui	 	F	
c' est certain	 	F	
je crois que vous avez déjà expliqué pourquoi	 	F	
oui	 	F	
et alors qu' est -ce que vous faites exactement comme travail en ce moment ?	 	F	
je suis boucher	 	F	
oui	 	F	
oui	 	F	
oui	 	F	
et euh	 	F	
en quoi est -ce que ça consiste exactement ?	 	F	
eh bien je vais vous dire euh	 	F	
comment vous voyez ça ?	 	F	
pour moi c' est un	 	F	
mon cas est peut-être un petit peu spécial pas parce que je vais vous expliquer	 	F	
euh	 	F	
j' ai une boucherie	 	F	
bien sûr	 	F	
euh qui m' appartient en propre	 	F	
mais en plus de ça depuis une dizaine d' années	 	F	
euh	 	F	
on ne peut pas dire le hasard mais enfin les relations	 	V	
ont fait que	 	F	
j' ai un de mes amis qui a ouvert deux supermarchés à Orléans	 	F	
et alors il m' a donné la gestion	 	F	
si vous voulez	 	F	
oui	 	F	
oui	 	F	
de ses deux rayons de boucherie de supermarché	 	F	
et c' est ce qui m' a permis de faire un gros tonnage quoi	 	F	
et alors si vous voulez je suis un petit peu au-dessus des normes	 	F	
officielles de de la boucherie	 	F	
oui	 	F	
oui	 	F	
comprenez ?	 	F	
euh euh supposez que par exemple un boucher moyen j' estime qu' un boucher moyen fait quatre à cinq cent kilos de viande	 	F	
euh moi je traite deux tonnes deux tonnes deux cent	 	F	
oui	 	F	
oui	 	F	
voyez	 	F	
c' est c' est vraiment au-dessus de la moyenne	 	F	
pour	 	F	
oui	 	F	
cette raison parce que je gère deux supermarchés	 	F	
oui	 	F	
oui	 	F	
comprenez ?	 	F	
j' ai été vingt ans	 	F	
euh oui plus de vingt ans	 	F	
où où je gérais que ma boucherie propre et je vous dis y a huit ou dix ans où je gère ces supermarchés -là	 	F	
alors euh	 	F	
mais c' est un peu spécial si vous voulez mon cas	 	F	
oui oui	 	F	
mais enfin	 	F	
si vous voulez que je vous explique la boucherie moi je sais pas	 	V	
euh	 	F	
vous pourriez peut-être euh	 	F	
me décrire une	 	F	
dites -moi	 	F	
journée de travail	 	F	
oui	 	F	
si vous voulez	 	F	
n' est -ce pas ?	 	F	
normale	 	F	
eh bien	 	F	
je vais vous expliquer ce que je ressens et ce que je pense que tous mes collègues ressentent	 	F	
n' est -ce pas	 	F	
euh c' est	 	F	
d' arriver le matin	 	F	
dans la boucherie	 	F	
n' est -ce pas	 	F	
et de de parer	 	F	
et de présenter la viande	 	F	
en France ça a une très grosse importance	 	F	
oui	 	F	
comprenez -vous ?	 	F	
c' est--à-dire que nous faisons des	 	F	
des plats de présentation des pièces c' est ce que l' on appelle	 	F	
vous avez vous savez des plats d' entrecôtes des plats de côtes d' agneau	 	F	
vous avez	 	F	
oui	 	F	
voyez ce que je veux dire ?	 	F	
oui oui	 	F	
et ça si vous voulez	 	F	
euh pour le boucher	 	F	
aimant son métier quand même nous sommes une grosse majorité	 	F	
euh c' est la grosse euh	 	F	
euh la grosse attraction si vous voulez	 	F	
avant la question commerciale	 	F	
oui	 	F	
la présentation de l' étal	 	F	
oui	 	F	
oui	 	F	
comprenez ?	 	F	
oui très bien	 	F	
on a une satisfaction	 	F	
euh quand arrivent sept heures du matin parce qu' on se lève très tôt dans mon métier quoi	 	F	
quand arrivent sept heures du matin	 	F	
que tout est net tout est bien présenté	 	F	
on a une satisfaction	 	F	
intérieure	 	F	
euh je sais pas euh de de travail bien fait	 	V	
oui	 	F	
oui	 	F	
comprenez ?	 	F	
oui	 	F	
que j' ai communiquée si vous voulez	 	F	
même dans mes supermarchés	 	F	
oui	 	F	
dans mes rayons	 	F	
oui	 	F	
ce qui fait que	 	F	
euh sans me donner de gants	 	F	
dans les dans mon rayon on tourne à un pourcentage beaucoup plus élevé	 	F	
que dans les normes officielles de la euh des rayons boucheries	 	F	
en supermarché	 	F	
parce que j' ai donné cet esprit si vous voulez	 	F	
à mes gars	 	F	
à mes commis	 	F	
oui oui oui oui	 	F	
oui	 	F	
et j' ai l' impression que la clientèle le ressent ça	 	F	
oui	 	F	
oui	 	F	
oui	 	F	
comprenez -vous ?	 	F	
bon alors	 	F	
après ben évidemment il s' agit de la vente	 	F	
n' est -ce pas ?	 	F	
et puis à la clientèle le contact avec la clientèle qui compte énormément aussi pour nous hein	 	F	
oui	 	F	
voyez ?	 	F	
euh la vente sous cellophane malheureusement va s' étendre puisque c' est dans les traditions maintenant	 	F	
mais enfin euh	 	F	
moi je sais évidemment j' ai cinquante-sept ans	 	F	
j' en j' en peinerai énormément d' ailleurs quand j' ai pris ces rayons -là	 	F	
le le le le patron si vous voulez	 	F	
hein ?	 	F	
oui	 	F	
m' avait dit bah écoute tu pourrais peut-être faire à ce moment -là du pré-emballé	 	F	
hein ?	 	F	
j' ai dit écoute laisse -moi travailler dans les conditions	 	F	
euh normales traditionnelles	 	F	
oui	 	F	
s' il s' avère euh	 	F	
que ce n' est pas rentable à ce moment -là je ferai du pré-emballé	 	V	
oui	 	F	
mais pour moi le contact avec la clientèle	 	F	
compte autant que le reste vous	 	F	
comprenez ?	 	F	
oui	 	F	
oui oui oui oui	 	F	
le travail le travail par lui -même	 	F	
oui	 	F	
oui	 	F	
qu' est -ce que je pourrais vous expliquer d' autre ?	 	F	
y a aussi l' attrait	 	F	
de l' achat	 	F	
qui se malheureusement aussi s' amenuise de plus en plus	 	V	
c' est--à-dire que j' achète mes animaux vivants	 	F	
hum hum	 	F	
comprenez ?	 	F	
tous les mercredis matins nous avons un marché aux bestiaux	 	F	
ici à Orléans	 	F	
et alors j' achète mes animaux vivants	 	F	
oui oui	 	F	
donc il faut que j' estime	 	F	
la qualité	 	F	
oui	 	F	
n' est -ce pas ?	 	F	
euh l' âge évidemment	 	F	
n' est -ce pas ?	 	F	
le poids	 	F	
et alors après	 	F	
euh l' abattage se fait quoi	 	F	
alors c' est encore un abattage artisanal qui va se	 	F	
lui aussi	 	F	
évidemment s' éliminer tout doucement puisque on il est question de faire des chaînes d' abattage à Orléans	 	F	
quoi	 	F	
oui	 	F	
oui oui	 	F	
alors les commis abattent	 	F	
et alors après il y a aussi là	 	F	
un satisfecit de se dire bien	 	F	
euh c' est tombé	 	F	
comme j' estimais	 	F	
oui	 	F	
que ça devait tomber	 	F	
ou tiens c' est tombé à côté	 	F	
oui	 	F	
comprenez ?	 	F	
oui	 	F	
j' estime par exemple qu' un veau	 	F	
euh par tel et tel euh	 	F	
hum comment dirais -je euh	 	F	
on appelle ça les approches	 	F	
oui	 	F	
n' est -ce pas ça s' appelle les approches	 	F	
par euh par les approches	 	F	
euh par des signes	 	F	
ce veau -là devait tomber blanc	 	F	
il tombe rouge	 	F	
pourquoi ?	 	F	
il y a trente ans que j' achète	 	F	
j' en sais qu- j' en connais pas la raison	 	V	
voyez ça aussi c' est un attrait	 	F	
vous voyez ?	 	F	
oui	 	F	
une déception	 	F	
mais enfin	 	F	
quand ça tombe bien et à quatre-vingt pour cent ça tombe	 	F	
en fonction des connaissances qu' on a acquises quand même	 	F	
comprenez -vous ?	 	F	
oui	 	F	
oui oui oui	 	F	
ça aussi c' est un attrait du métier	 	F	
oui oui oui	 	F	
oui qu' est -ce que je pourrais vous citer d' autre ?	 	F	
euh ce que je voudrais défendre aussi c' est	 	F	
euh l' abattage	 	F	
n' est -ce pas ?	 	F	
euh on a l' impression qu' un boucher	 	F	
euh c' est le sacrificateur c' est le	 	F	
comment dirais -je	 	F	
hein et	 	F	
euh c-	 	F	
il a	 	F	
un penchant	 	F	
pour tuer il est	 	F	
comprenez ?	 	F	
euh comment je vais expliquer ça	 	F	
je voudrais pourtant bien expliquer ça	 	F	
euh	 	F	
euh le le boucher en somme c' est c' est la brute épaisse	 	F	
hum oui	 	F	
oui	 	F	
c' est un peu ça	 	F	
hein ?	 	F	
alors qu' il faut qu' il faut bien savoir hein qu' il et croyez -moi c' est vrai ça hein	 	F	
que le geste de supprimer une vie évidemment	 	F	
pour nous	 	F	
euh	 	F	
ne compte	 	V	
pas plus si vous voulez	 	F	
euh que la dépouille	 	F	
oui	 	F	
oui	 	F	
comprenez on prend pas plaisir à abattre on on on	 	V	
on fait le maximum pour que l' animal ne souffre pas	 	V	
oui	 	F	
oui	 	F	
et le geste de supprimer	 	F	
la vie	 	F	
c' est un geste	 	F	
de de couper par exemple une moelle épinière ou d' égorger un animal	 	F	
n' est -ce pas ?	 	F	
c' est un geste	 	F	
comme de de couper	 	F	
le membre ou de dépouiller ou d' éviscérer	 	F	
oui oui oui oui oui	 	F	
c' est c' est c' est pas le le le	 	F	
la jouissance euh de tuer	 	F	
comprenez -vous ?	 	F	
oui d' accord	 	F	
c' est ça que je voudrais que que vous fassiez comprendre	 	F	
auprès de de certaines gens qui prennent le boucher pour un pour un tueur	 	F	
quoi si vous voulez	 	F	
oui oui oui	 	F	
oui oui	 	F	
comprenez ?	 	F	
oui je comprends très bien	 	F	
oui	 	F	
voilà	 	F	
vous avez assez expliqué c-	 	F	
enfin ce que vous avez	 	F	
débouché sur la la	 	F	
oui je crois oui	 	F	
prochaine question	 	F	
qu' est -ce qui vous compte le plus dans le métier je crois que vous l' avez bien bien	 	F	
vraiment	 	F	
hum	 	F	
expliqué	 	F	
oui	 	F	
ce qui vous plaît euh est -ce qu' il y a des choses qui vous déplaisent	 	F	
dans le métier	 	F	
par rapport disons à	 	F	
d' autres métiers ?	 	F	
oui écoutez	 	F	
que je réfléchisse	 	F	
non	 	F	
non	 	F	
j' aime tout dans mon métier	 	F	
oui	 	F	
oui	 	F	
et si par hasard euh vous n' aviez pas fait ce métier -là est -ce qu' il y en a un autre	 	V	
que vous auriez aimé faire ?	 	F	
oui euh	 	F	
au départ j' aurais	 	F	
j' aurais aimé être menuisier voyez -vous	 	F	
oui	 	F	
j' aurais aimé et encore à l' heure actuelle lorsque je vois travailler le bois	 	F	
euh j' admire euh je parle de l' ébéniste je parle pas de	 	V	
euh du charpentier	 	F	
oui	 	F	
hein j' aurais aimé faire des meubles j' aurais aimé	 	F	
j' aurais aimé ce métier	 	F	
oui	 	F	
j' ai pas pu le faire parce que malheureusement étant l' aîné de cinq euh	 	V	
à l' époque euh on m' a pas demandé mon avis vous savez c' était pas comme maintenant hein	 	V	
oui oui oui oui oui		F	
euh étant l' aîné de cinq dans la boucherie où on était nourri on a dit bon bah écoute euh	 	F	
euh voilà tu vas t' en aller	 	F	
à tel endroit parce qu' il y a une place de boucher et ça fera une bouche de moins à nourrir à la maison	 	F	
oui	 	F	
j' ai fait le métier de boucher	 	F	
euh	 	F	
peut-être pas à contrecoeur mais enfin	 	V	
j' en avais pas tellement	 	V	
et puis après j' ai appris à l' aimer à aimer mon métier	 	F	
oui	 	F	
oui	 	F	
j' en ai j' en ai fait	 	F	
euh ce ce que je pense être c' est--à-dire euh	 	F	
euh non seulement	 	V	
bonjour monsieur	 	F	
euh est -ce que vous comprenez j' en ai	 	F	
j' en ai fait ce que ce que je pense être c' est-à-dire	 	F	
euh un métier même temps artistique mais ça vous paraît peut-être un paradoxe	 	F	
oui	 	F	
mais j' aime mon métier je	 	F	
par son côté artistique j' aime	 	F	
parer une pièce de viande j' aime	 	F	
comprenez euh toutes ces choses -là euh	 	F	
c' est peut-être parce que c' est mon tempérament	 	F	
oui	 	F	
comprenez ?	 	F	
oui oui	 	F	
euh voilà ce que je peux vous expliquer moi sur euh	 	F	
sur ce que je ressens du métier	 	F	
très bien oui	 	F	
oui	 	F	
eh bien euh	 	F	
y a de plus en plus de femmes mariées qui travaillent	 	F	
aujourd'hui euh	 	F	
oui	 	F	
personnellement euh êtes -vous pour ou contre ?	 	F	
euh non je vous dirais que je suis plutôt contre	 	F	
oui	 	F	
je suis peut-être à contre-courant	 	F	
oui mais	 	F	
euh sans doute mais enfin je suis plutôt contre parce que	 	F	
euh j' ai eu l' expérience à la maison parce que	 	F	
euh ma femme était avec moi dans	 	F	
notre commerce n' est -ce pas	 	F	
euh on a donné nos enfants à garder	 	F	
mais dès que je pouvais laisser ma femme à la maison	 	F	
je le faisais parce que j' estime que quand même le rôle de la mère c' est encore d' élever ses enfants	 	F	
oui	 	F	
oh moi je vous donne mon avis	 	F	
oui oui	 	F	
bah oui	 	F	
hum	 	F	
euh non c' était une question qui était dans le	 	F	
questionnaire les	 	F	
oui oui oui oui allez -y	 	F	
avis n' est -ce pas sur	 	V	
euh	 	F	
qu' est -ce que vous faites de votre temps libre monsieur NPERS ?	 	F	
eh bien j' aime la lecture	 	F	
oui	 	F	
j' aime la musique	 	F	
ça vous paraît drôle peut-être hein pour un boucher mais enfin euh malheureusement j' ai pas assez de culture	 	V	
comprenez ?	 	F	
pour aimer la peinture mais	 	F	
j' aurais aimé	 	F	
oui	 	F	
oui	 	F	
j' aurais aimé	 	F	
connaître tous les arts	 	F	
oui	 	F	
j' aurais aimé	 	F	
oui	 	F	
malheureusement je vous le dis hein ça fait treize ans que je suis parti de chez moi	 	F	
et euh voilà	 	F	
euh	 	F	
si un jour	 	F	
je suis à la retraite	 	F	
j' aimerais visiter les musées par exemple monter à Paris d' ici maintenant c' est la banlieue	 	F	
oui	 	F	
hein j' aimerais monter à Paris visiter les musées enfin	 	F	
essayer de de découvrir	 	F	
euh ce qu' une personne cultivée apprécie que moi malheureusement je connais pas	 	V	
oui	 	F	
comprenez ?	 	F	
oui	 	F	
voilà	 	F	
et de vos soirées ?	 	F	
qu' est -ce que vous	 	F	
faites le le soir ?	 	F	
bah la télévision	 	F	
oui	 	F	
télévision	 	F	
ou la lecture	 	F	
oui	 	F	
et le samedi et le	 	F	
la télévision	 	F	
dimanche ?	 	F	
euh bah le samedi oh pas question parce qu' on se lève à quatre heures du	 	F	
matin le samedi	 	F	
bien sûr	 	F	
soir vous savez	 	F	
on est fatigué	 	F	
le dimanche bah on fait un peu de promenade évidemment en voiture comme tout le monde	 	F	
oui	 	F	
on part	 	F	
oui oui	 	F	
mais on s' éloigne pas tellement	 	V	
oui	 	F	
c' est à peu près tout oui je vois pas d' autres choses à vous dire	 	V	
qu' est -ce que vous avez fait par exemple euh dimanche dernier ?	 	F	
eh bah nous sommes allés jusqu' à Fontainebleau voyez -vous	 	F	
oui	 	F	
n' est -ce pas euh on est allé jusqu' à Fontainebleau	 	F	
et puis euh on a fait un tour	 	F	
dans le parc	 	F	
et puis on mon dieu on est revenu quoi parce qu' il faisait mauvais d' abord	 	F	
oui	 	F	
n' est -ce pas mais ça a fait un bout euh nous sommes partis à deux heures et demie trois heures	 	V	
euh à six heures et demie sept heures on est sept heures et demie on était de retour	 	F	
oui oui oui	 	F	
voilà à peu près l' emploi de nos dimanches quoi	 	F	
oui	 	F	
je ferais un détour pour aller à Chambord je ferais un détour vous voyez ça c' est c' est c' est c' est sans doute dans mon tempérament vous comprenez ça c' est c' est	 	F	
c' est personnel ça	 	F	
hum	 	F	
oui	 	F	
c' est faut pas que vous vous savez c' est comme l' Anglais qui descend à Calais	 	V	
et qui voit une femme rousse hein	 	F	
faut pas croire parce que je dis ça que tous les bouchers sont	 	V	
sont dans mon genre vous	 	F	
comprenez toutes les	 	F	
Françaises sont pas rousses hein	 	V	
non mais moi je vous dis ce que je ressens personnellement	 	F	
oui oui oui c' est ce qu' on vous demande d' ailleurs	 	F	
oui	 	F	
et	 	F	
pendant vos prochaines vacances d' été qu' est -ce que vous comptez faire ?	 	F	
ah malheureusement c' est que je ne peux pas prendre depuis huit ans depuis que j' ai mes pilotes là je ne	 	V	
peux pas	 	V	
oui	 	F	
prendre de vacances	 	F	
oui oui oui	 	F	
oui	 	F	
parce que on a un métier qui se perd	 	F	
on trouve plus de personnel	 	V	
oui	 	F	
alors je donne du congé à mes gars moi je ferme	 	F	
ma boucherie	 	F	
pendant trois semaines	 	F	
et je remplace mes gars pendant les trois semaines	 	F	
ah oui	 	F	
alors pour moi ça c' est un	 	F	
euh vraiment ça me ça ça me chagrine ça parce que ça fait huit ans que j' ai pas pris de	 	F	
vacances	 	F	
oui	 	F	
oui	 	F	
et vous savez c' est quand même long hein	 	F	
et puis je vois pas je peux pas	 	V	
je peux pas	 	V	
récemment voyez -vous euh on manque de main-d'oeuvre chez nous hein c' est	 	F	
fou hein	 	F	
hum	 	F	
oui oui	 	F	
j' ai été un mois sans commis là je il me manquait un commis j' ai été un mois dans avant d' en trouver un	 	F	
et j' étais forcé à em- d' em- d' embaucher un gars un chevalin hein un gars qui travaillait le cheval	 	F	
oui	 	F	
parce que j' ai pas trouvé de de gars qui travaillaient dans	 	V	
vous voyez ça aussi c' est chez nous c' est c' est terrible la main-d'oeuvre	 	F	
oui	 	F	
on trouve plus de main-d'oeuvre	 	V	
les les les les gosses ne veulent plus faire ce métier -là pas plus que boulanger c' est des métiers	 	V	
trop astreignants trop durs	 	F	
comprenez ?	 	F	
oui oui	 	F	
je n' - vous savez je je suis pessimiste pour l' avenir hein pour mon métier hein je sais pas comment ça va se passer hein	 	V	
est -ce qu' il y a une grande différence entre le chevalin et le boucher ordinaire euh parce que ça c' est	 	F	
des choses qu' on ne	 	F	
comme travail ?	 	F	
connaît peu en Angleterre	 	F	
oui bien sûr	 	F	
oui	 	F	
non euh y a beaucoup plus de	 	F	
détails si vous voulez de plus petits morceaux dans le cheval il faut	 	F	
il faut dénerver davantage	 	F	
euh pratiquement euh	 	F	
à soixante pour cent soixante-cinq pour cent le cheval est vendu	 	F	
soit en bifteck soixante-dix pour cent même	 	F	
en bifteck ou en haché	 	F	
comprenez ?	 	F	
oui	 	F	
oui	 	F	
alors que chez nous nous avons quand même une variété nous avons quand même les pot- au-feu nous avons les braisés nous avons les ragoûts	 	F	
euh qui ne ne sont pas prisés par le Français dans le cheval	 	V	
oui oui	 	F	
tous ces morceaux nous de braisé de de pot au feu sont dégraissés dénervés	 	F	
et passés en bifteck haché	 	F	
enfin pas en bifteck	 	V	
hum hum oui oui	 	F	
haché en cheval haché	 	F	
oui oui oui oui	 	F	
puisque	 	F	
c' est du cheval	 	F	
si vous aviez deux heures de temps libre supplémentaires par jour	 	F	
qu' est -ce que vous feriez de ce temps temps libre ?	 	F	
ah la lecture je crois	 	F	
la lecture	 	F	
euh à votre avis qu' est -ce qu' on devrait apprendre euh aux enfants	 	F	
euh surtout aux enfants à l' école ?	 	F	
évidemment c' est mon avis que vous me demandez hein ?	 	F	
bien sûr	 	F	
bon	 	F	
eh bien moi j' estime qu' ils ont pas assez de contact avec la vie réelle	 	V	
comprenez on on souffre à l' heure actuelle de regardez de plus en plus euh	 	F	
on va vers une technocratie euh	 	F	
euh les les les tous nos nos grosses têtes tous nos cerveaux sont enfermés dans leur tour d' ivoire n' est -ce pas	 	F	
et décident de choses qui n- qui arrivent à devenir euh	 	F	
si vous voulez	 	F	
inapplicables dans la vie courante	 	F	
on a un exemple flagrant avec la TVA à l' heure actuelle chez nous	 	F	
n' est -ce pas alors	 	F	
vous me parlez de l' enfance n' est -ce pas	 	F	
alors j' estime que si les gosses -là	 	F	
vont pousser au brevet au bac ainsi de suite et puis essayer de grimper évidemment	 	F	
n' est -ce pas	 	F	
mais malheureusement j' estime que le gosse n' a pas assez de contacts si vous vous voulez	 	V	
avec la société	 	F	
moi voilà mon avis	 	F	
oui	 	F	
n' est -ce pas	 	F	
et comment est -ce qu' on pourrait	 	F	
enseigner	 	F	
cela ?	 	F	
eh bien mais je crois	 	F	
qu' il y aurait quand même euh	 	F	
et puis alors le droit civique moi j' ai l' impression que	 	F	
euh	 	F	
à l' école nous on nous apprenait un peu de droit civique moi je vois mes gosses ils en ont pas tellement appris hein	 	V	
euh bah je sais pas par des leçons de choses par des	 	V	
on pourrait faire visiter	 	F	
euh et qu- qu' est -ce qui manque dans dans je sais pas dans une ville comme Orléans il manque pas de de choses à voir à visiter	 	V	
oui	 	F	
qui pourraient peut-être même créer des vocations donner des vocation moi j' estime	 	F	
comprenez c' est purement littéraire presque que je trouve moi enfin à mon avis	 	F	
oui	 	F	
oui	 	F	
à mon avis	 	F	
moi j' ai mes gosses qui ont été à l' école jusqu' à seize ans jusqu' au brevet	 	F	
et alors à ce moment -là je suis allé voir le le directeur de du lycée	 	F	
en lui demandant ce que euh mon aîné ce qu' il pourrait faire il m' a dit écoutez c' est un élément	 	F	
c' est un bon élément	 	F	
c' est un élément moyen	 	F	
en tout	 	F	
mais valable parce que travailleur	 	F	
mais quand il aura son bac	 	F	
ça sera son bâton de maréchal	 	F	
oui	 	F	
hum	 	F	
alors à ce moment -là j' ai pas commis l' erreur de certains parents de dire bon bah tant pis on va continuer on verra bien	 	V	
oui oui	 	F	
à ce moment -là j' ai fait faire un test	 	F	
euh ici là rue des Grands Champs	 	F	
n' est -ce pas ?	 	F	
pour voir à quel métier manuel pourrait lui	 	F	
lui convenir	 	F	
oui oui oui	 	F	
comprenez -vous ?	 	F	
je l' ai aiguillé vers un métier manuel il est coiffeur	 	F	
hum hum	 	F	
hein parce que il a ce sens artistique que je crois un peu posséder	 	F	
et alors là il fait un boum terrible dans son métier	 	F	
oui	 	F	
oui oui	 	F	
terrible à l' heure actuelle il vient de faire deux concours à Paris là	 	F	
un concours à et un à Rouen	 	F	
il est sorti premier des championnats	 	F	
oui	 	F	
voyez ce qui prouve que même même dans des métiers manuels on	 	F	
on peut faire sa place j' estime	 	F	
oui hum	 	F	
alors qu' à l' heure actuelle on commet l' erreur de pousser les gosses	 	F	
trop	 	F	
je reconnais	 	F	
que c' est valable de dire qu' un un qu' un fils d' ouvrier c' est pas faut pas me faire dire ce que je veux pas dire	 	V	
j' estime qu' un fils d' ouvrier	 	F	
qui a les capacités de le faire est aussi valable	 	V	
que le fils d' un gros industriel c' est pas ça que je veux dire	 	V	
mais je	 	F	
oui oui	 	F	
trouve qu' à l' heure actuelle	 	F	
euh si vous voulez dans la classe moyenne on commet trop l' erreur de vouloir pousser les gosses	 	F	
vers les études	 	F	
alors que ça va faire des fruits secs d' ici cinq six ans mais enfin moi je vois ça comme ça	 	F	
oui oui oui oui oui	 	F	
moi je vois ça comme	 	F	
ça	 	F	
oui oui	 	F	
je le vois de par mon métier	 	F	
on n' est plus capable de trouver de	 	V	
et je vous dis tous ces métiers manuels qui sont des métiers rudes d' accord hein	 	F	
mais qui sont des métiers rémunérateurs croyez -moi maintenant hein	 	F	
on a pu dire que avant la guerre on avait vraiment des petits métiers question salaire	 	F	
maintenant hein euh un bon chef peut gagner cent cinquante cent quatre vingt mille francs par mois	 	F	
oui oui	 	F	
c' est quand même pas mal pour un manuel j' estime	 	V	
oui oui	 	F	
oui	 	F	
comprenez -vous ?	 	F	
et puis quand même les heures sont régentées	 	F	
on arrive à faire cinquante-quatre heures c' est encore peut-être beaucoup	 	F	
mais enfin y a quand même aussi des heures des présences c' est pas des heures de chez Renault hein	 	V	
oui oui	 	F	
y a des heures y a des temps morts tout de même	 	F	
oui oui	 	F	
hum	 	F	
et qu' est -ce que vous pensez du latin à l' école ?	 	F	
ah ça je suis pas habileté à vous répondre	 	F	
euh d' après mes fils c' est valable parce que quand même c' est la c' est la la racine de notre langue quand même n' est -ce pas	 	F	
mais mes gosses en ont fait un peu	 	F	
moi eh bien évidemment je peux pas vous parler de ça puisque malheureusement je vous dis j' ai	 	V	
j' ai été qu' à l' école jusqu' à treize ans et j' ai jamais appris un mot de latin	 	V	
oui oui oui	 	F	
et	 	F	
dans quelles matières aimeriez -vous que vos vos enfants aient été forts à l' école ?	 	F	
pourriez -vous	 	F	
les langues et les maths	 	F	
les langues et les maths oui	 	F	
et dans les langues euh bien euh	 	F	
c' est dommage il devait venir Jacques	 	F	
mon fils euh il parle l' anglais euh	 	F	
assez facilement	 	F	
oui		F	
assez facilement oui	 	F	
qu' est -ce qui fait d' après vous que les enfants réussissent ou ne réussissent pas à l' école ?	 	V	
euh je crois pas tellement vous savez à la super-intelligence hein	 	V	
enfin euh si je juge d' après mes mes enfants	 	F	
oui	 	F	
n' est -ce pas euh	 	F	
ils sont d' un bon niveau	 	F	
mais enfin c' est pas des des grands cerveaux seulement à côté de ça ce sont des travailleurs	 	V	
oui	 	F	
ils ont jamais fait d' éclat	 	V	
oh là	 	F	
oui où est -ce qu' on en était ?	 	F	
ah oui	 	F	
oh	 	F	
je vous demandai	 	F	
qu' est -ce qui fait qu' ils réussissent ?	 	F	
oui ou enfin	 	F	
moi je crois que c' est surtout le la la volonté euh d' arriver on peut faire euh on est un élément moyen mais on peut quand même arriver moi	 	F	
si je vous le répète si je juge d' après mes enfants et d' après moi -même	 	F	
bah euh évidemment si on juge euh	 	F	
en faire des intellectuels ça c' est autre chose	 	F	
oui	 	F	
hein ?	 	F	
oui	 	F	
mais on on peut faire des bons manuels moi vous vous me direz que j' en reviens toujours à cette	 	F	
question mais enfin y a des bons métiers manuels	 	F	
et on euh un élément moyen peut faire un un bon manuel tout de même et il	 	F	
gagne sa vie	 	F	
oui oui	 	F	
oui oui	 	F	
alors d' après vous euh jusqu' à quel âge est -ce qu' il faut que les	 	F	
enfants euh fassent des études ?	 	F	
euh je suis d' accord pour aller jusqu' à seize ans	 	F	
quand même c' est un	 	F	
minimum	 	F	
oui	 	F	
de bagages qu' il faut parce que moi j' en souffre de ça	 	F	
oui	 	F	
comprenez -vous moi j' ai été à l' école jusqu' à mon Certificat d' Etudes j' avais douze ans et demi	 	F	
et ça j' en ai toujours souffert	 	F	
oui	 	F	
n' est -ce pas	 	F	
mais j' estime que c' est valable qu' un gosse aille à l' école jusqu' à treize ans	 	F	
oui	 	F	
comprenez -vous ?	 	F	
mais alors là quoi à ce moment -là quoi	 	F	
qu' on dise carrément bon ben ça suffit	 	F	
hein parce un élé- un gosse je pense qu' à seize ans il s' est révélé ou alors euh euh c' est pas la peine	 	V	
oui	 	F	
y en a qui se révèlent tard mais enfin quand même	 	F	
je trouve qu' à seize ans euh un gosse s' est révélé	 	F	
s' il est valable pour faire un intellectuel euh un cadre ou enfin même un	 	F	
un un comment dirais -je un responsable euh assez haut placé	 	F	
mais sinon à seize ans bah qu' est -ce que vous voulez à ce moment -là qu' il prenne un bon métier manuel euh j' en reviens toujours	 	F	
avec mes	 	F	
oui oui	 	F	
questions	 	F	
et pour vous d' après vous ce serait la même chose pour les garçons et pour les filles ?	 	F	
là je vous savez euh	 	F	
ça m' est difficile de vous répondre parce que j' ai pas de filles	 	V	
j' ai que des	 	F	
oui	 	F	
garçons	 	F	
alors je peux que juger qu' à travers de mes fils	 	F	
oui oui oui	 	F	
comprenez -vous ?	 	F	
moi j' e- j' estime que j' ai pleinement réussi à travers eux puisque	 	F	
euh ils ont tous les deux un métier manuel	 	F	
et ils réussissent tous les deux parfaitement dans leur métier manuel alors par conséquent j' estime	 	F	
que	 	F	
qu' on a réussi	 	F	
oui oui	 	F	
vous comprenez ?	 	F	
et qu' est -ce qu' il faut c' est c' est	 	F	
euh donner de l' agrément	 	F	
donner de l' agrément à son métier	 	F	
comprenez -vous	 	F	
boh bah c' est pas parce qu' on fait un métier manuel que pour ça on est	 	V	
tiens	 	F	
oui pour les filles euh	 	F	
et pour les garçons ?	 	F	
oui non je peux	 	V	
pas vous répondre hein	 	F	
pour les filles	 	F	
non non	 	F	
puisque je vois pas	 	V	
j' ai pas l- j' ai pas de filles alors je peux pas juger	 	V	
franchement	 	F	
alors pour revenir à la ville d' Orléans	 	F	
est -ce que	 	F	
oui	 	F	
d' après vous on fait assez pour les habitants à Orléans ?	 	F	
moi je me plains pas de la municipalité évidemment euh	 	F	
on peut toujours faire mieux	 	F	
oui	 	F	
on peut toujours faire mieux	 	F	
mais enfin faut reconnaître quand même que notre ville a été sinistrée à combien à soixante pour cent peut-être	 	F	
oui oui	 	F	
n' est -ce pas ?	 	F	
et que quand même on on n' est on s' est pas mal relevé n' est -ce pas	 	V	
oui	 	F	
on a des rues larges enfin agréables euh la rue Royale est une réussite à mon avis moi	 	F	
oui	 	F	
n' est -ce pas ?	 	F	
oui	 	F	
euh évidemment y a des lacunes mais enfin	 	F	
non moi euh	 	F	
euh y a des erreurs hein pour moi	 	F	
pour moi y a des erreurs	 	F	
n' est -ce pas ?	 	F	
oui	 	F	
oui	 	F	
par exemple j' estime ça je peux vous le dire	 	F	
euh la la Motte Minsart par exemple la euh vous savez la	 	F	
euh comment dirais -je	 	F	
le parc des expositions	 	F	
oui	 	F	
bon bah voilà un parc qui a coûté je en sais combien de millions	 	F	
qui sert pour quinze jours	 	F	
n' est -ce pas ?	 	F	
au moment	 	F	
oui	 	F	
des du salon	 	F	
des arts ménagers	 	F	
et puis incidemment il va servir trois quatre fois dans l' année	 	F	
oui	 	F	
ça c' est une erreur	 	F	
oui oui	 	F	
à mon avis	 	F	
oui	 	F	
comprenez -vous ?	 	F	
évidemment y a une politique de prestige qu' on a pratiquée en France depuis pas mal d' années peut-être que nos municipalités ont voulu prendre le même exemple	 	F	
j' en sais rien	 	V	
mais enfin pour moi ça c' est c' est c' est pas rentable	 	V	
oui	 	F	
hein ?	 	F	
y a des lacunes y a pas de piscine chauffée y a pas	 	V	
quand même au point de vue sportif on c-	 	F	
c' est léger hein ?	 	F	
oui oui	 	F	
c' est tout ce qu' on peut dire pour des enfants de cet âge -là c' est léger hein	 	F	
oui	 	F	
c' est léger	 	F	
hein on manque de tennis on manque de	 	F	
quand même on a beau dire il faut se battre euh si on veut un	 	F	
on va au parc Pasteur pour pouvoir faire une partie de tennis le dimanche matin	 	F	
comprenez ?	 	F	
oui oui	 	F	
enfin il manque vraiment en équipements sportifs on manque	 	F	
ça y a pas d' erreur	 	V	
hum hum	 	F	
y a des réussites si y a des réussites oui	 	F	
je vous dis la ville euh moi j' estime que la ville c' est une réussite	 	F	
nos quais	 	F	
nos quais sont bien euh	 	F	
et puis je sais pas la ville par elle -même est agréable enfin	 	V	
à mon avis	 	F	
oui je viens de dire tout à l' heure on est -ce qu' on fait assez pour les habitants	 	F	
qu' est -ce que	 	F	
oui	 	F	
cela représenterait exactement pour vous ?	 	F	
quand je dis est -ce qu' on fait assez pour les habitants	 	F	
ah vous voulez dire euh personnellement ?	 	F	
oui c' est ça	 	F	
non moi je ne me trouve pas mal admi- administré	 	V	
qu' est -ce t' en penses toi Denis ?	 	F	
tu te trouves pas	 	V	
oui	 	F	
mal administré ?	 	V	
oui c' est--à-dire que les	 	F	
que la mentalité peut-être euh	 	F	
n' est pas assez jeune justement dans la	 	V	
municipalité	 	F	
des jeunes	 	F	
hein qui se posent	 	F	
oui	 	F	
oui oui oui	 	F	
euh	 	F	
mais alors	 	F	
quand on dit la municipalité	 	F	
hum	 	F	
qui est -ce que ça représente enfin	 	F	
quelles personnes ?	 	F	
bah le maire et ses	 	F	
administrés	 	F	
ah oui oui	 	F	
ah moi euh je vois le maire et les adjoints après qu' est -ce vous voulez c' est un petit peu plus flou pour moi hein	 	F	
oui	 	F	
mais je connais pas mal de conseillers municipaux	 	V	
mais enfin remarquez que je leur fais entière confiance je je c' est des gens très honnêtes et certainement très dévoués hein	 	F	
oui oui	 	F	
parce que	 	F	
moi -même si vous voulez dans une plus petite sphère j' ai été président de chez nous et tout ça	 	V	
je connais les inconvénients de mener des du monde c' est pas commode hein	 	V	
oui oui	 	F	
et puis de gérer	 	F	
c' est pas commode	 	F	
oui	 	F	
la critique la critique est toujours facile hein	 	F	
oui oui	 	F	
n' est -ce pas ?	 	F	
non moi je je me plains pas de la municipalité sauf ça je vous répète	 	F	
que	 	F	
oui	 	F	
euh au point de vue équipements sportifs vraiment ça ça laisse à désirer et puis alors y des lacunes quoi euh	 	F	
comme celle que je viens de vous signaler	 	F	
oui	 	F	
en dehors de ces la municipalité est -ce qu' il y a d' autres personnes qui comptent euh	 	F	
qui ont de l' influence à Orléans ?	 	F	
bah voilà voyez toujours pareil euh c' est -ce qui prouve quand même	 	F	
j' admire le professeur le le recteur Antoine par exemple	 	F	
oui oui	 	F	
hein ?	 	F	
euh Maurice Genevoix j' estime que c' est un homme de notre terroir c' est un homme de chez nous	 	F	
si	 	F	
vous voulez	 	F	
oui	 	F	
oui oui	 	F	
hein ?	 	F	
voilà des gens que j' admire j' aime entendre par exemple à	 	F	
sur la comment dirais -je euh	 	F	
en moyenne fréquence vous savez euh	 	F	
à entendre j' ai entendu l' autre jour une causerie	 	F	
justement sur l' Orléanais	 	F	
qui était débattue entre Maurice Genevoix	 	F	
euh Secrétain	 	F	
et le prof- le recteur Antoine	 	F	
je me souviens pas le quatrième responsable ah oui	 	V	
euh le président Le- Le- Leguet	 	F	
président de la Chambre de Commerce	 	F	
bah là j' ai bu du petit lait ça c' est des hommes que j' admire parce que justement ils défendent mon terroir	 	F	
oui oui	 	F	
ils ressentent ce que je ressens si vous voulez	 	F	
oui autrement je vois	 	F	
évidemment euh c' est tout ce que je peux vous signaler	 	F	
Péguy	 	F	
évidemment Péguy	 	F	
oui	 	F	
mais qu' est -ce que vous voulez j' ai pas assez de culture pour l' apprécier je	 	F	
j' aime le lire mais enfin	 	F	
oui	 	F	
mais je ne peux pas tirer certainement la quintessence comme	 	V	
comme un type qui qui a vraiment euh étudié la littérature	 	F	
si vous me demandez des hommes de notre terroir c' est ça que vous voulez savoir	 	F	
n' est -ce pas ?	 	F	
oui oui oui	 	F	
oui c' est tout ce que je vois	 	F	
à vous signaler	 	F	
eh bien on a beaucoup parlé des évènements de mai dernier	 	F	
oui	 	F	
et moi je n' étais pas en France à	 	V	
l' époque	 	F	
oui	 	F	
alors euh est -ce que vous	 	F	
pourriez m' expliquer	 	F	
mai septembre	 	F	
ce qu' il s-	 	F	
s' est passé ?	 	F	
pas pas pas pas votre fils	 	F	
mais vous	 	F	
non non non	 	F	
parce que vous aurez	 	F	
certainement	 	F	
alors	 	F	
des	 	F	
oui des des des ah des	 	F	
idées assez différentes	 	F	
là-dessus	 	F	
oui	 	F	
remarquez que ça ça ça a pris tellement soudainement que	 	F	
inconsciemment je me suis dit y a quelque chose de valable	 	F	
certainement on peut pas	 	V	
un mouvement comme ça ne peut pas se déclencher	 	V	
avec cette rapidité s' il n' y a pas un mécontentement général	 	V	
n' est -ce pas ?	 	F	
mais alors évidemment après j ai vu quand même que les les les les à enfin à mon avis les extrêmes les extrêmes menaient la la danse	 	F	
alors là j' ai vu que le la majorité était embarquée dans une affaire	 	F	
que	 	F	
euh qui n' était pas prévue au départ certainement euh par les par les pondérés par les	 	F	
les gens qui voulaient continuer d' étudier dans de meilleures conditions	 	F	
n' est -ce pas ?	 	F	
oui	 	F	
mais qui étaient amenés justement par toute cette bande de meneurs euh politiques ou autres sans doute	 	F	
comprenez -vous ?	 	F	
et	 	F	
en tant que français moyen euh	 	F	
je peux pas dire que j' ai pris peur	 	V	
non	 	F	
mais enfin j' ai déploré ces j' ai déploré ces mouvements -là	 	F	
oui	 	F	
comprenez ?	 	F	
quoique dans m- dans ma profession euh j' ai beaucoup de contact avec des des professeurs	 	F	
n' est -ce pas ?	 	F	
oui	 	F	
qui m' ont expliqué	 	F	
le mouvement	 	F	
hein on peut le dire	 	F	
et je j' ai très bien compris leur mouvement euh je je j' ai je l' ai reconnu valable si vous voulez	 	F	
mais enfin évidemment c' est une explosion euh c' est des jeunes on ne peut pas régenter des jeunes comme on peut régenter je sais pas des gens de mon âge par exemple	 	V	
oui	 	F	
oui oui	 	F	
mais alors qu' est -ce qui s' est passé euh est -ce qu' il s' est passé quelque chose à Orléans ou ?	 	F	
bah à la Source vous savez on n' a pas tellement parlé hein oui y a eu quelque chose évidemment à la Source	 	V	
mais à la Source y a un problème qu' est -ce que vous voulez c' est vraiment un	 	F	
euh comment dirais -je	 	F	
c' est pas la claustrophobie mais presque	 	F	
oui	 	F	
hein ?	 	F	
oui	 	F	
ils sont en cir- en circuit fermé	 	F	
oui pourquoi ça ?	 	F	
eh bien parce qu' ils se plaignent justement qu' ils	 	F	
ils s-	 	F	
c' est un campus	 	F	
alors ils ils sont là et puis sortis de leurs études euh faut qu' ils viennent à Orléans y a aucun moyen de locomotion ou presque	 	F	
oui oui oui	 	F	
comprenez -vous ?	 	F	
alors ils ils sont casernés ils ont l' impression d' être encasernés	 	F	
oui	 	F	
on a beau leur faire en ce moment des des des parcs et tout ce que vous voudrez euh	 	F	
le jeune c' est pas ça qu' il cherche au fond quand il cherche un autre dérivatif que celui -là hein	 	V	
oui	 	F	
il a le confort	 	F	
n' est -ce pas à la Source certainement et	 	V	
il a il a des belles salles de classe si vous voulez n' est -ce pas ?	 	F	
oui	 	F	
mais ce qu' il rechercherait c' est un contact est -ce	 	F	
il en peine ça parce que je vois ça à travers de mon aîné	 	F	
qui est qui vit avec beaucoup d' étudiants	 	F	
et l' étudiant peine de ça	 	F	
hein ?	 	F	
du manque de contact justement avec le le la population orléanaise	 	F	
oui	 	F	
ils ont l' impression d' être à part	 	F	
oui	 	F	
ça c' est un élément aussi euh	 	F	
de trouble si vous voulez de	 	F	
je crois	 	F	
oui	 	F	
oui oui	 	F	
non merci	 	V	
est -ce que	 	F	
les différences entre les classes sont très marquées à Orléans ?	 	F	
je pense pas non vous savez enfin vous savez	 	V	
le euh	 	F	
l' Orléanais	 	F	
si vous voulez c' est le Val-de-Loire hein	 	F	
hein c' est le climat tempéré eh bah l' homme est un peu euh le reflet de son climat	 	F	
hein ?	 	F	
évidemment y a des extrémistes	 	F	
mais enfin je pense pas qu' il y ait	 	V	
tellement de de différences entre les classes comme	 	F	
vous vous savez je crois que pour les les dirigeants qui viennent à Orléans que ça soit	 	F	
du ministère de l' intérieur ou un préfet ou que ça soit	 	F	
euh de du ministère des finances ou que ça soit	 	F	
euh tous les les cadres qui viennent enfin des responsables de la région	 	F	
vous savez je j' ai l' impression que c' est un peu une sinécure hein pour Orléans euh	 	F	
il y a pas tellement de problèmes dans nos dans notre coin	 	V	
oui	 	F	
oui	 	F	
moi j' ai eu des contacts euh bien des fois avec euh la préfecture euh professionnellement	 	F	
on sent quand même que c' est pas un pays de de troublions vous savez les les Orléanais hein c' est des gens pondérés	 	F	
et je crois que ça se reflète dans toutes les classes de la société	 	F	
oui	 	F	
je crois	 	F	
mais quelles sont elles enfin d' après vous ces classes de la société ?	 	F	
euh pour leur donner un nom	 	F	
bah vous savez Orléans n' est pas tellement industrialisé	 	V	
hein ?	 	F	
on peut dire	 	F	
oui	 	F	
évidemment elle suit le le la courbe	 	F	
générale	 	F	
mais enfin euh	 	F	
Orléans est pas tellement instru- industrialisée alors par conséquent vous n' avez pas euh	 	V	
l' ouvrier de basse classe quoi enfin celui qui qui qui gagne euh	 	F	
euh le minimum vital y en a y en a mais enfin	 	F	
c' est quand même pas la généralité vous avez quand même beaucoup de de petites entreprises de	 	F	
des gens quand même qui	 	F	
qui ont une petite responsabilité moi je crois	 	F	
hein et	 	F	
moi je suis on touche toutes les classes de la société on peut pas dire que y ait des clans hein	 	V	
hum	 	F	
évidemment les gens se trient mais enfin je	 	F	
on on sent pas une acrimonie entre les classes	 	V	
hum	 	F	
franchement non	 	F	
je crois pas	 	V	
et est -ce	 	F	
est -ce qu' on pourrait reconnaître disons un un ouvrier d' un autre euh	 	F	
d' un membre des autres classes en les voyant euh	 	F	
euh	 	F	
comme ça ?	 	F	
de moins en moins	 	F	
oui	 	F	
mais enfin dans les cas où on pourrait faire la	 	F	
différence à quoi	 	F	
ah oui	 	F	
à quoi est -ce qu' on le reconnaîtrait	 	F	
d' après vous ?	 	F	
d' abord par euh par son habillement on dit l' habit ne fait pas le moine mais enfin tout de même	 	V	
oui	 	F	
et puis puis par ses	 	F	
par son raisonnement par ses	 	F	
euh sa façon de de de voir la vie quoi	 	F	
oui	 	F	
comprenez là on sent l' ouvrier	 	F	
enfin on sent si vous voulez le le le type aigri qui n' a peut-être pas	 	F	
réussi sa vie et	 	F	
et qui à ce moment -là s' en prend à la société hein	 	F	
oui oui	 	F	
hein ?	 	F	
ou même peut-être aussi faut le reconnaître peut-être l' ouvrier qui est exploité aussi hein y en a malheureusement	 	F	
oui	 	F	
comprenez -vous ?	 	F	
oui	 	F	
alors celui -là s' exprime évidemment euh	 	F	
euh en en fonction de ce qu' il ressent hein	 	F	
oui	 	F	
mais autrement on on peut dire que les trois quarts des des des ouvriers maintenant hein	 	F	
viennent sont bien habillés euh	 	F	
prennent le	 	F	
je vais parler commerçant	 	F	
prennent les bons morceaux aussi bien que les autres	 	F	
euh ça y a pas de différence hein	 	V	
si le si le dimanche ils ont envie de manger un gigot y a rien	 	F	
ils mangent un gigot ils s' occupent pas vous savez	 	V	
on dit pas c' est Untel elle va manger un gigot	 	V	
y a p-	 	F	
euh la semaine on vend huit à dix gigots par exemple eh bien vous savez vous en vendez autant	 	F	
si vous voulez à un	 	F	
oui oui	 	F	
ouvrier qu' à	 	F	
qu' à un avocat ou un docteur ou un chirurgien euh	 	F	
ça euh	 	F	
est -ce que vous remarquez une	 	F	
différence sensible entre vos différents clients dans leur façon de choisir la viande	 	F	
dans ce qu' ils achètent et caetera ?	 	F	
indépendamment	 	F	
disons de leurs	 	F	
oui	 	F	
origines de classe ?	 	F	
oui	 	F	
ce qu' il y a c' est que avec le progrès vous comprenez de moins en moins	 	F	
le client a	 	F	
veut faire de de plats	 	F	
à cuisson lente	 	F	
oui	 	F	
comprenez -vous c' est un des phénomènes de notre métier et on en souffre	 	F	
on va de plus en plus vers le steak vers le	 	F	
comprenez -vous ?	 	F	
oui	 	F	
n' est -ce pas ?	 	F	
mais alors là y a pas de problèmes pas plus la classe euh dirigeante enfin si on devait l' appeler ainsi que la classe ouvrière hein	 	V	
oui	 	F	
et le le et et le problème est le même pour tous hein	 	F	
on on va de plus en plus vers euh	 	F	
vers la vente de de la cuisson rapide quoi des morceaux nobles ce qu' ils appellent quoi c' est à dire les rosbifs les biftecks et tout ça	 	F	
de plus en plus	 	F	
oui	 	F	
d' une année sur l' autre on constate hein	 	F	
non autrement non	 	F	
on ressent	 	F	
on ressent les fins de mois	 	F	
les ?	 	F	
les fins de mois	 	F	
ah oui	 	F	
ça on les ressent	 	F	
les fins de mois ?	 	F	
ah c' est net hein	 	V	
qu' est -ce que c' est les fins de mois ?	 	F	
eh bien c' est--à-dire que le client par exemple il est si vous posez qu' il a un budget de cent mille	 	F	
bon il va manger quatre-vingt-dix mille dans les les vingt ou vingt-deux premiers jours	 	F	
et puis huit jours	 	F	
il reste avec dix mille	 	F	
ah les fins de mois oui	 	F	
comprenez ?	 	F	
parce que j' avais	 	F	
pas compris oui	 	V	
voilà	 	F	
alors	 	F	
oui	 	F	
là euh	 	F	
pendant huit jours faut qu' il vive avec dix ou quinze mille	 	F	
oui	 	F	
alors là on ressent les fins de mois	 	F	
alors on le	 	F	
oui	 	F	
ressent dans notre vente	 	F	
oui	 	F	
c' est--à-dire que vous allez faire cent clients	 	F	
avec une moyenne par exemple de sept cents je vais vous citer un chiffre	 	F	
sept francs	 	F	
par client	 	F	
n' est -ce pas ?	 	F	
dans une semaine ordinaire	 	F	
et vous allez faire cent clients	 	F	
avec quatre cent ou quatre cent cinquante	 	F	
ou quatre francs quatre francs cinquante plus exactement	 	F	
par client	 	F	
dans ces semaines- -là	 	F	
oui	 	F	
c' est--à-dire qu' ils vont se diriger vers le bifteck haché	 	F	
ils vont se diriger	 	F	
euh vers les abats	 	F	
qui sont	 	F	
oui	 	F	
des articles moins chers	 	F	
ce qui prouve que le budget vous comprenez là on le ressent	 	F	
on ressent les fins de	 	F	
mois ça	 	F	
et y a une	 	F	
différence entre les catégories euh de ce point de vue -là ?	 	F	
ah oui là là ça se sent là quand même	 	F	
oui	 	F	
là ça se sent là oui	 	F	
oui c' est c' est la seule chose que je puisse vous dire à ce sujet -là hein	 	F	
oui	 	F	
y a t -il chez vous un dictionnaire ?	 	F	
oui	 	F	
oui	 	F	
euh	 	F	
ou des dictionnaires ?	 	F	
bah euh j' ai un Littré et j' ai un Larousse	 	F	
oui	 	F	
euh hum	 	F	
est -ce que vous avez	 	F	
oui bon excusez -moi parce que	 	F	
je suis pas très	 	V	
je vous en prie	 	F	
au fait de de ces questions	 	F	
oui c' est c' est le Littré ou le Larousse	 	F	
vous avez les deux ?	 	F	
oui	 	F	
le Littré et le Larousse	 	F	
euh en combien de volumes ?	 	F	
je l' ai en trois j' ai le le	 	F	
le petit volume en Larousse vous savez le	 	F	
et puis alors	 	F	
oui	 	F	
je l' ai en trois en trois volumes en Littré	 	F	
oui	 	F	
où est -ce que vous les gardez ?	 	F	
bah je les ai là euh	 	F	
dans la bibliothèque	 	F	
c' est votre bureau là	 	F	
oui	 	F	
oui	 	F	
euh hum depuis quand est -ce que vous avez un ou des dictionnaires ?	 	F	
oh depuis toujours pratiquement	 	F	
oui	 	F	
le Larousse je l' ai depuis toujours	 	F	
le Littré je l' ai acheté après euh parce que je l' ai jugé un petit peu plus	 	F	
mieux approfondi si vous voulez	 	F	
un peu plus fouillé	 	F	
oui quand est -ce que vous l' avez vous l' avez acheté euh est -ce que vous vous	 	F	
souvenez ?	 	F	
oh	 	F	
y a une quinzaine d' années oui	 	F	
oui	 	F	
et	 	F	
comment est -ce que vous l' avez vous avez euh	 	F	
acheté enfin l' un ou l' autre de ces dictionnaires enfin	 	F	
le le le dictionnaire euh Larousse y avait pas de problèmes je l' avais	 	V	
euh apprécié à l' école	 	F	
alors	 	F	
oui	 	F	
j' ai continué c' est un Larousse tout ce qu' il y a de primaire	 	F	
oui	 	F	
ah puis	 	F	
oui	 	F	
après j' ai demandé l' avis à un d' un libraire	 	F	
oui	 	F	
oui	 	F	
bien	 	F	
qui est -ce qui s' en sert le plus souvent à la maison ?	 	F	
bah un peu tous hein	 	F	
des fois quand on a quelque chose à débattre bah on c' est le Larousse qui nous départage ou le ou le Littré	 	F	
oui oui oui	 	F	
oui	 	F	
et vous est -ce que vous vous en servez euh ?	 	F	
oui parce que je je vous l' ai répété comme euh tout à l' heure je vous le disais là	 	F	
du fait que ayant quitté l' école à treize ans hein je bute sur pas mal de choses hein	 	F	
oui	 	F	
et alors je suis content de le trouver pour pouvoir me m' éclairer	 	F	
oui	 	F	
en moyenne enfin combien	 	F	
de fois par mois est -ce que vous seriez	 	F	
susceptible de	 	F	
oh je sais	 	F	
pas peut-être euh deux ou trois fois par mois ça dépend des moments je vais l' employer des fois	 	V	
dans la même semaine trois quatre fois puis je vais être un mois sans m' en servir	 	F	
oui c' est ça oui oui oui	 	F	
est -ce que vous vous souvenez de la dernière fois que vous l' avez regardé ?	 	F	
qu' est -ce qu' on a regardé ?	 	F	
à quel euh sujet ?	 	F	
oh y a pas longtemps	 	V	
hum oh une huitaine peut-être	 	F	
si vous voulez	 	F	
oui	 	F	
et	 	F	
vous vous souvenez de ce que vous avez cherché ?	 	F	
c' était Jacques	 	F	
la denture et la dentition	 	F	
ah bon ?	 	F	
oui	 	F	
oui je me souviens oui	 	F	
hum	 	F	
bon	 	F	
euh	 	F	
là s' il s' agit de dire dans dans quelle catégorie vous cherchez le plus souvent entre orthographe euh le sens des mots l' histoire ou la géographie ?	 	F	
l' orthographe	 	F	
l' orthographe oui	 	F	
le sens des mots aussi	 	F	
le sens des mots aussi oui	 	F	
oui	 	F	
et est -ce que vous avez aussi euh une ou des encyclopédies ?	 	F	
non	 	F	
non	 	F	
est -ce que vous possédez d' autres dictionnaires euh du genre euh	 	F	
par exemple Larousse ménager Larousse médical Larousse gastronomique ?	 	F	
euh ma femme a un Larousse ménager oui	 	F	
oui	 	F	
est -ce que vous possédez un livre euh sur euh l' art de parler ou la sur la prononciation ?	 	F	
non	 	F	
sur l' art d' écrire l' art d' écrire des	 	F	
lettres ?	 	F	
non	 	F	
le	 	F	
Bon	 	F	
non	 	F	
Usage ?	 	F	
non	 	F	
les difficultés de la langue française en orthographe ?	 	F	
non euh ça je	 	F	
ah oui oui	 	F	
vous dis je me fie au	 	F	
au Littré	 	F	
quand euh	 	F	
oui	 	F	
je bute sur un mot	 	F	
un guide de politesse de	 	F	
savoir	 	F	
non	 	F	
faire	 	F	
et caetera ?	 	F	
non	 	F	
non	 	F	
et pourquoi est -ce que vous n' avez aucun de ces livres -là est -ce que vous ?	 	V	
euh parce que qu' est -ce que vous voulez j' ai une vie tout à fait	 	F	
comment dirais -je euh	 	F	
restreinte au point de vue relations	 	F	
oui	 	F	
donc par conséquent j' ai j' ai pas de rela- de relations épistolaires ou alors même si vous voulez	 	V	
euh de contacts euh de en société	 	F	
oui	 	F	
alors je j' en éprouve pas le le besoin d' un	 	V	
oui d' accord	 	F	
d' en acheter	 	F	
oui	 	F	
est -ce que le journal que vous lisez habituellement a une rubrique sur le langage ?	 	F	
non	 	F	
non	 	F	
euh est -ce que vous faites des mots-croisés ?	 	F	
non	 	F	
non	 	F	
est -ce que vous je vous répète une question que je	 	F	
vous	 	F	
oui	 	F	
ai déjà posée est -ce que vous pensez qu' il soit utile que les enfants apprennent le latin à l' école ?	 	F	
alors je vous ai répété ce que à travers mes fils oui	 	F	
oui	 	F	
parce que d' après	 	F	
eux	 	F	
et pourquoi	 	F	
d' après vous ?	 	F	
ah parce que c' est a- avec le grec c' est la base euh de la langue française	 	F	
oui	 	F	
c' est les racines quand même	 	F	
oui d' accord	 	F	
qu' est -ce que vous pensez de ce qu' on appelle le franglais ?	 	F	
bah il est un petit peu envahissant hein	 	F	
oui	 	F	
est -ce que vous êtes pour ou contre ou indifférent disons ?	 	F	
enfin	 	F	
de ces trois choix	 	F	
pour contre ou indifférent ?	 	F	
pour contre	 	F	
ou indifférent	 	F	
ça va peut-être pas vous faire plaisir mais je vais vous dire contre	 	V	
d' accord	 	F	
et pourquoi ?	 	F	
parce que je trouve que la langue française est assez riche pour pouvoir trouver les mots	 	F	
oui	 	F	
qui correspondent à ce que l' on veut dire tout de même	 	F	
oui	 	F	
hum bien	 	F	
et y a-t -il des différences selon vous dans la façon de parler français entre les gens	 	F	
appartenant à des milieux sociaux différents ?	 	F	
je pense pas	 	V	
on sent la personne bien éduquée	 	F	
n' est -ce pas je ressens ça dans la clientèle mais ça c' est indéfinissable si vous voulez	 	F	
oui	 	F	
comprenez -vous ?	 	F	
mais vous avez des des gens qui s' expriment aussi bien chez un ouvrier quand c' est ils possèdent bien leur sujet	 	F	
oui	 	F	
euh évidemment c' est peut-être pas aussi châtié que quand c' est un intellectuel	 	V	
mais enfin quand même ils savent euh très bien s' exprimer tout de même	 	F	
oui	 	F	
oui oui	 	F	
d' ailleurs on n' est pas la	 	V	
euh la vallée de la Loire pour rien hein	 	F	
oui	 	F	
bien	 	F	
euh hum	 	F	
enfin c' est différent ce qui existe quand même entre euh	 	F	
différentes catégories	 	F	
est -ce que d' après vous euh	 	F	
elles seraient très importantes importantes ou peu importantes ?	 	F	
peu importantes	 	F	
oui	 	F	
bien	 	F	
est -ce que d' après vous les gens parleraient de mieux en mieux de plus en plus mal ou sans changement ?	 	F	
ah non de mieux en mieux	 	F	
de mieux en mieux oui et à quoi cela tient d' après vous ?	 	F	
bah justement parce que je crois que l' éducation est un petit peu plus poussée l' instruction est un peu plus poussée	 	F	
oui	 	F	
parmi vos vos connaissances	 	F	
quelle est la personne qui parle le mieux le français ?	 	F	
des personnes que vous connaissez ?	 	F	
il faut que je vous cite son nom ?	 	F	
euh	 	F	
euh	 	F	
non	 	F	
la profession enfin	 	F	
plutôt	 	F	
eh bien c' est euh	 	F	
oui	 	F	
oui mais enfin entre autres euh	 	F	
c' est madame NPERS	 	F	
tu trouves ?	 	F	
ah oui	 	F	
c' est qui ?	 	F	
madame plus	 	F	
madame NPERS	 	F	
madame NPERS ce sont euh	 	F	
justement la la femme qui qui est mariée avec un	 	F	
colonel américain	 	F	
une Française	 	F	
ah oui	 	F	
d' ailleurs	 	F	
oui	 	F	
bon madame NPERS	 	F	
madame NPERS oui	 	F	
oui si hein	 	F	
quand même	 	F	
oh si	 	F	
hum	 	F	
oui	 	F	
et euh	 	F	
parmi les gens que vous êtes amené à entendre euh parler euh	 	F	
sans forcément les connaître	 	V	
hum	 	F	
qui est -ce qui	 	F	
vous avez entendu qui vous semblait parler le mieux ?	 	F	
euh vous parlez euh	 	F	
des gens qui qui vous	 	F	
avez entendu parler en public euh .	 	F	
euh sans parler de la télévision ou autre euh ?	 	F	
y compris la	 	F	
télévision ou autre	 	F	
y compris la télévision	 	F	
ah c' est maître Floriot moi je crois	 	F	
oui	 	F	
est -ce qu' il y a en France un organisme qui di- qui décide si un mot ou une expression fait partie ou non du français ?	 	F	
ah oui	 	F	
oui	 	F	
lequel ?	 	F	
eh bien c' est le l' Académie Française je	 	F	
crois	 	F	
oui	 	F	
est -ce que vous trouvez que c' est	 	F	
très utile utile ou sans utilité ?	 	F	
ah c' est utile	 	F	
utile	 	F	
non très utile	 	F	
très utile	 	F	
très utile	 	F	
oui d' accord	 	F	
on dit quelquefois que la langue française se dégrade	 	F	
qu' en pensez -vous ?	 	F	
est -ce que vous pensez que c' est juste ?	 	F	
pense pas non d' après ce que je viens de vous dire puisque moi je trouve quand même que les gens s' expriment de mieux en mieux quand même	 	F	
oui	 	F	
si vous voulez y a trente ans que je suis établi	 	F	
eh bien si je compare par exemple euh mes clientes euh qui ont alors soixante-cinq ou soixante-dix ans	 	F	
bon bah on parle un langage moins quand même euh beaucoup plus commun euh	 	F	
hein avec beaucoup plus de fautes d' orthographe que que les jeunes	 	F	
actuellement	 	F	
oui	 	F	
ah oui sûr	 	F	
oui oui d' accord	 	F	
est -ce que vous seriez favorable à un contrôle des journalistes euh ou des professeurs des speakers euh de la télévision ou de la radio du point de vue de leur langage ?	 	F	
pardon j' ai pas	 	V	
compris	 	F	
est -ce que vous	 	F	
seriez favorable à un contrôle du langage des speakers des professeurs	 	F	
des journalistes à la télévision à la radio ?	 	F	
oui on leur reproche quelques coqs-à-l'âne mais remarquez que moi je ne suis pas	 	V	
assez ferré dans notre langue pour pouvoir	 	F	
qu- quelquefois on le	 	F	
remarque	 	F	
oui	 	F	
on le remarque	 	F	
oui	 	F	
oui	 	F	
si on le remarque	 	F	
ah vous vous seriez euh	 	F	
très favorable ou favorable ou	 	F	
oh favorable	 	F	
oui quand même qu' il y ait quand même une sélection parce qu' ils sont là quand même pour représenter la langue	 	F	
française	 	F	
oui	 	F	
oui	 	F	
et comment est -ce que ce contrôle devrait se ?	 	F	
oh je sais pas moi c' est quand même l' OR- l' ORTF	 	V	
à faire passer quand même un concours à ce moment -là je	 	F	
pense que	 	F	
hum hum	 	F	
quand même le le français ça serait	 	F	
euh la base élémentaire	 	F	
oui	 	F	
oui	 	F	
pour faire un speaker ou une speakerine	 	F	
d' accord	 	F	
aujourd'hui euh	 	F	
à votre avis euh est -ce que l' orthographe et la correction de la langue sont bien enseignées euh	 	F	
bon	 	F	
mieux ou moins bien que du temps où vous étiez vous -même à l' école ?	 	F	
par exemple l' orthographe	 	F	
est -ce qu' elle est aussi bien mieux ou moins bien en- moins bien enseignée d' après vous ?	 	F	
j' ai l' impression qu' elle est mieux enseignée hein	 	F	
c' est plus condensé que	 	V	
lorsque j' allais	 	F	
hum	 	F	
à l' école d' après mes enfants	 	F	
oui	 	F	
et la correction de la langue en général ?	 	F	
je peux pas vous répondre	 	V	
oh non	 	F	
franchement	 	F	
non	 	F	
je peux pas vous répondre	 	V	
et le le fait que l' orthographe soit mieux enseignée ça tient à quoi d' après vous ?	 	F	
parce que je crois que les études ont été plus poussées et puis qu' on aperçoit maintenant que les enfants ont une facilité beaucoup plus grande	 	F	
euh que l' on croyait pour pouvoir euh	 	F	
euh	 	F	
comment dirais -je	 	F	
assimiler	 	F	
assimiler	 	F	
oui assimiler	 	F	
hum hum hum hum	 	F	
la	 	F	
euh dans quelle matière étiez -vous le plus fort à l' école ?	 	F	
bah c' est peut-être ça quand même l' orthographe	 	F	
oui	 	F	
c' est peut-être un paradoxe	 	F	
mais enfin	 	F	
et un une autre matière deuxième matière aurait été quoi ?	 	F	
l' histoire	 	F	
l' histoire oui	 	F	
est -ce que vous avez habituellement	 	F	
euh	 	F	
quelque chose pour écrire sur vous ?	 	F	
non	 	F	
non	 	F	
est -ce que vous avez un stylo à encre ?	 	F	
ah oui	 	F	
oui	 	F	
euh à la suite de quelle circonstance est -ce que vous avez eu pour la première fois un stylo à encre ?	 	F	
oh depuis toujours ça je trouve que ça	 	F	
oui	 	F	
ça fait partie ça	 	F	
depuis toujours ça veut dire depuis	 	F	
votre enfance ?	 	F	
oui	 	F	
depuis depuis dix-huit vingt ans quoi enfin de de	 	F	
pas depuis ma sortie de l' école bien sûr mais enfin dès que j' ai pu	 	F	
euh avoir l' occasion d' écrire un rapport	 	F	
j' ai estimé bon	 	F	
d' accord	 	F	
d' avoir un stylo à encre	 	F	
euh hum	 	F	
depuis quand n' avez -vous pas écrit ?	 	V	
maintenant est -ce que	 	F	
huit quinze jours y a	 	F	
pas de	 	F	
oui	 	F	
semaines que	 	F	
et	 	F	
la dernière fois est -ce que je peux vous demander pourquoi vous aviez écrit ?	 	F	
c' était pour un un camarade à Paris un de mes amis à Paris une	 	F	
lettre	 	F	
une lettre	 	F	
une lettre oui	 	F	
oui	 	F	
oui	 	F	
je m' excuse de presser	 	F	
ça mais euh	 	F	
oui oui oui allez -y allez -y	 	F	
ça va aller au bout ?	 	F	
ça va aller au bout oh ça ne fait rien on pourra	 	F	
retourner	 	F	
oui	 	F	
mais	 	F	
oui	 	F	
si je je n' ai pas besoin c' est encore mieux	 	V	
euh est -ce que vous avez besoin d' écrire pour votre travail ?	 	F	
ah je euh attendez voir surtout au point de vue comptabilité oui	 	F	
oui	 	F	
oh ça constamment deux ou trois heures par jour	 	F	
d' accord	 	F	
est -ce que vous portez habituellement sur vous un carnet un agenda	 	F	
ou	 	F	
oui	 	F	
quelque chose pour écrire oui	 	F	
euh qu' est -ce que c' est exactement euh ?	 	F	
bah un journalier euh tenez voyez	 	F	
ah bien je le je l' ai dans mon	 	F	
dans mon autre veston	 	F	
d' accord	 	F	
oui c' est un petit carnet journalier	 	F	
oui	 	F	
un agenda journalier	 	F	
oui	 	F	
si vous deviez écrire à	 	F	
si vous aviez quelque chose à dire à une personne habitant à cinq kilomètres de chez vous	 	F	
est -ce que vous préféreriez vous déplacer ou lui écrire une lettre ?	 	F	
me	 	F	
déplacer	 	F	
si	 	F	
par exemple	 	F	
tout d' abord	 	F	
oui oui	 	F	
si cette personne était un de vos amis est -ce que vous préféreriez	 	F	
ah je préférerais me déplacer oui	 	F	
vous déplacer oui	 	F	
et si c' était quelqu'un que vous considéreriez comme étant socialement supérieur ?	 	F	
j' aimerais peut-être encore aussi	 	F	
me déplacer	 	F	
oui	 	F	
vous déplacer	 	F	
pourquoi ?	 	F	
oui	 	F	
parce que justement parce que ce complexe de de de faire de	 	F	
de la syntaxe comprenez -vous ?	 	F	
oui oui oui	 	F	
est -ce qu' il est important selon vous	 	F	
très important important	 	F	
peu important ou sans aucune importance d' avoir	 	F	
une belle écriture ?	 	F	
très important important peu important ou sans aucune importance ?	 	F	
euh important tout de même hein pas très important mais important tout de même	 	F	
oui	 	F	
a priori lorsque vous voyez une en-tête de lettre euh bien écrite euh c' est un préjugé favorable	 	F	
oui	 	F	
est -ce qu' il est important selon vous d' avoir de l' orthographe ?	 	F	
ah oui	 	F	
même chose très important important ?	 	F	
oh très important pour moi c' est	 	F	
oui	 	F	
et pourquoi ?	 	F	
j- ah j' aurais aimé écrire parfaitement le français	 	F	
oui	 	F	
est -ce que vous seriez favorable	 	F	
très favorable favorable défavorable ou très défavorable	 	F	
à une réforme de l' orthographe ?	 	F	
oh non je suis pas habilité à vous répondre	 	F	
d' accord	 	F	
euh	 	F	
qui de vous ou de votre euh femme	 	F	
écrit habituellement aux personnes suivantes euh	 	F	
ou bien indifféremment n' est -ce pas ?	 	F	
hum	 	F	
à des amis communs ?	 	F	
c' est ma femme	 	F	
hum oui	 	F	
euh la la famille à votre famille à vous ?	 	F	
en général c' est ma femme ah	 	F	
oui	 	F	
presque euh toujours qui s' occupe	 	F	
du courrier	 	F	
et à la famille	 	F	
de votre femme ?	 	F	
pareil c' est	 	F	
elle oui	 	F	
oui pourquoi est -ce que	 	F	
c' est elle qui écrit dans ces cas -là ?	 	F	
je	 	F	
voyez là y a eu euh comment dirais -je un	 	F	
un moment où c' était moi qui écrivais	 	F	
oui	 	F	
et puis alors après du fait de l' augmentation de l' activité que je vous ai signalée	 	F	
tout à l' heure	 	F	
oui	 	F	
comprenez ?	 	F	
j' ai négligé	 	F	
alors ma femme était forcée d' écrire	 	F	
puis c' est devenu une habitude et puis maintenant c' est elle qui écrit	 	F	
d' accord	 	F	
et pour les papiers administratifs	 	F	
ah non	 	F	
euh	 	F	
ça c' est moi	 	F	
feuilles d' impôts c' est vous	 	F	
oui	 	F	
oui euh	 	F	
feuilles de sécurité sociale	 	F	
de maladie	 	F	
tout tout ça c' est moi	 	F	
euh et autres ?	 	F	
c' est vous oui	 	F	
et pourquoi là c' est vous dans ces cas -là ?	 	F	
eh bien parce que là ça fait partie de de la partie commerciale	 	F	
un peu alors	 	F	
c' est ça oui	 	F	
évidemment ça	 	F	
c' est mon domaine ça me concerne	 	F	
et	 	F	
qui de vous deux possède la meilleure orthographe ?	 	F	
d' après vous ?	 	F	
je crois que c' est ma femme	 	F	
oui	 	F	
la plus belle écriture ?	 	F	
toi	 	F	
peut-être oui	 	F	
hum	 	F	
oui	 	F	
et d' après vous qui est -ce qui des deux parle le meilleur français ?	 	F	
parle le meilleur français ?	 	F	
ma femme	 	F	
oui	 	F	
et écrit euh dans le meilleur français ?	 	F	
oui je lui demanderais son avis souvent pour euh écrire	 	F	
un mot	 	F	
oui	 	F	
si j' ai la	 	F	
la fainéantise de me déplacer pour prendre le dictionnaire je lui dirai crois -tu que tel mot ça s' écrit comme ci ou comme ça ?	 	F	
oui	 	F	
oui oui	 	F	
et c' est valable en général	 	F	
oui	 	F	
oui	 	F	
euh	 	F	
pour votre travail combien de lettres écrivez -vous en moyenne par mois ?	 	F	
oh	 	F	
huit dix	 	F	
euh par mois ?	 	F	
par mois oui	 	F	
oh oui	 	F	
une trentaine	 	F	
une trentaine oui	 	F	
et euh en dehors de votre travail ?	 	F	
ah non alors pas puisque	 	F	
c' est ma	 	F	
femme qui	 	F	
non	 	F	
s' en occupe	 	F	
à part les papiers administratifs ou commerciaux	 	F	
d' accord	 	F	
oui	 	F	
euh hum	 	F	
est -ce que vous conservez les lettres qu' on vous envoie toujours très souvent souvent assez	 	F	
rarement rarement ou	 	F	
rarement	 	F	
jamais ?	 	F	
rarement	 	F	
rarement	 	F	
mais vous en	 	F	
rarement	 	F	
conservez	 	F	
quand même	 	F	
oui	 	F	
oui quelques--unes euh un certain temps puis après je les les laisse	 	F	
oui	 	F	
oui	 	F	
lesquelles est -ce que vous conserveriez un certain temps ?	 	F	
bien la lettre euh	 	F	
d' un ami parce que justement	 	F	
euh j' appelle un certain temps quinze jours trois semaines si j' ai à répondre	 	F	
alors je la laisse là sous le coude de manière à dire il faut que je réponde à cette	 	V	
lettre comprenez -vous ?	 	F	
oui oui oui	 	F	
après si je juge qu' elle a plus d' importance euh je je la jette	 	V	
oui	 	F	
y a certaines lettres que je garde quand même parce que c' est	 	F	
c' est des lettres amicales et que j' y suis sensible	 	F	
oui oui oui	 	F	
est -ce que vous en avez par exemple en ce moment ?	 	F	
euh non là pour l' instant non	 	F	
d' accord	 	F	
est -ce qu' il y aurait	 	F	
ça votre femme va pas être contente	 	V	
ah non non non on n' est pas encore là	 	F	
quand vous écrivez à vos amis euh est -ce que vous faites un brouillon ?	 	F	
non	 	F	
non	 	F	
est -ce que vous faites attention aux fautes d' orthographe ?	 	F	
oui	 	F	
oui	 	F	
est -ce que vous relisez ?	 	F	
oui	 	F	
oui	 	F	
euh	 	F	
quel instrument est -ce que vous utilisez pour écrire à vos amis ?	 	F	
un stylo	 	F	
stylo à	 	F	
encre stylo à bille ?	 	F	
oui stylo à encre	 	F	
stylo à encre	 	F	
oui	 	F	
euh hum	 	F	
quel type de papier utilisez -vous ?	 	F	
le quadrillé	 	F	
quadrillé oui	 	F	
euh hum	 	F	
si vous devez écrire un ou deviez écrire une lettre euh	 	F	
d' un mot d' excuse à l' école est -ce que vous feriez un brouillon ?	 	F	
ah oui	 	F	
oui	 	F	
vous feriez attention à l' orthographe ?	 	F	
ah oui plus	 	F	
que jamais oui	 	F	
et vous utiliseriez	 	F	
quel euh	 	F	
quel euh instrument ?	 	F	
même chose stylo à encre	 	F	
ah oui	 	F	
oui	 	F	
d' accord et quel papier ?	 	F	
euh le papier quadrillé aussi	 	F	
d' accord	 	F	
et si vous devez écrire à votre supérieur dans le travail	 	F	
est -ce que vous feriez un brouillon ?	 	F	
ah oui sûr	 	F	
oui	 	F	
vous feriez attention aux orthographes ?	 	F	
aussi oui	 	F	
vous utiliseriez le même	 	F	
papier	 	F	
instrument et le même papier	 	F	
bon	 	F	
euh hum	 	F	
est -ce que vous utilisez euh d' autre papier pour vos	 	F	
autre chose ?	 	F	
non	 	F	
non	 	F	
d' accord	 	F	
c' est bête	 	F	
si ces bandes	 	F	
vous avez	 	F	
sont un peu courtes et j' ai toujours	 	F	
peur que	 	F	
alors ça c' est	 	F	
dommage	 	F	
ça vienne à	 	F	
finir que je serais obligé de retourner mais enfin c' est c' est pas	 	V	
de toute façon comme c' est un questionnaire un peu fermé on pourra revenir dessus	 	F	
oui	 	F	
euh oui oui justement je vous disais	 	F	
est -ce qu' il y aurait	 	F	
des choses dans la façon de parler de votre femme qui vous agaceraient ?	 	F	
non	 	F	
non	 	F	
est -ce que vous il vous arrive de la reprendre euh quand elle parle ?	 	F	
non	 	F	
non	 	F	
euh	 	F	
est -ce qu' il y a des choses dans votre façon de parler qui l' agacent ?	 	F	
elle ?	 	F	
ah ça peut-être	 	F	
euh oui	 	F	
euh quoi par exemple ?	 	F	
oui	 	F	
elle me trouve trop bavard	 	F	
trop bavard oui	 	F	
oui bah oui	 	F	
c' est notre chance	 	F	
et il lui arrive de vous reprendre ?	 	F	
non elle me dit va au fait	 	F	
euh hum	 	F	
alors euh lequel	 	F	
qui des deux ré- reprend l' autre le plus souvent ?	 	F	
oh bah	 	F	
euh vous savez c' est non c' est pratiquement c' est rare hein	 	F	
rare oui	 	F	
oui	 	F	
d' accord	 	F	
est -ce qu' il y a quelque chose qui vous agace dans la façon de parler de vos enfants ?	 	F	
non	 	F	
non	 	F	
il vous arrive de les reprendre ?	 	F	
euh rarement parce que on se surveille mutuellement pour ça	 	F	
oui	 	F	
et dans les cas où vous les	 	F	
vous auriez à les reprendre ?	 	F	
amical	 	F	
c' est dit amicalement	 	F	
c' est dit amicalement	 	F	
ah oui	 	F	
d' accord	 	F	
encore on en fait un jeu	 	F	
d' accord	 	F	
est -ce qu' il y a eu des choses que vous avez voulu leur avez interdit de de de prononcer de dire ?	 	F	
non rarement	 	F	
rarement	 	F	
oui	 	F	
oui	 	F	
ils sont pas grossiers alors y a pas lieu	 	V	
oui	 	F	
vous n' avez	 	F	
jamais	 	F	
non	 	F	
eu à les	 	F	
reprendre à	 	F	
non	 	F	
les punir par	 	F	
exemple pour avoir	 	F	
ah non non	 	F	
dit euh	 	F	
non	 	F	
telle ou telle chose ?	 	F	
non non	 	F	
bon	 	F	
est -ce que vos	 	F	
vos parents faisaient attention à la façon dont vous parliez ?	 	F	
ah non non	 	F	
non	 	F	
et	 	F	
hum il est -ce qu' ils prenaient des sanctions si vous disiez des choses euh ?	 	F	
bah non parce que malheureusement vous savez euh c- c' était	 	F	
tout à fait des	 	F	
votre mère oui	 	F	
ma mère	 	F	
oui	 	F	
et votre instituteur	 	F	
est -ce qu' il faisait attention à la	 	F	
façon dont vous	 	F	
ah oui	 	F	
parliez ?	 	F	
oui	 	F	
pour quel genre de choses	 	F	
surtout ?	 	F	
ah surtout	 	F	
pour l' orthographe	 	F	
orthographe	 	F	
oui mais de dans la façon de parler ?	 	F	
oui il bah il admettait mal que	 	F	
que ce soit mal conjugué enfin si vous	 	F	
voulez	 	F	
oui	 	F	
d' accord	 	F	
y a autre chose non ?	 	F	
non c' est tout ce que je vois	 	F	
non	 	F	
est -ce qu' il prenait des sanctions quelquefois ?	 	F	
oh oui assez ça	 	F	
oui	 	F	
pour	 	F	
il était assez	 	F	
sévère	 	F	
quelles quelles sanctions	 	F	
ah bah les	 	F	
les lignes les lignes les lignes	 	F	
oui	 	F	
et pour quel genre de choses ?	 	F	
ah bah si on avait mal conjugué un verbe	 	F	
vous étiez sûr	 	F	
oui oui oui	 	F	
d' avoir deux cent deux cent fois à le faire	 	F	
bon	 	F	
bon ça je crois que	 	F	
on y a réussi euh	 	F	
allez vous allez	 	F	
en y allant très très vite à	 	F	
à mettre tout sur la bande	 	F	
ah bah je vous remercie beaucoup de si y a encore un petit questionnaire mais là c' est écrit alors ça n' a ça n' a pas besoin d' être enregistré	 	V	